,p,d,q,MAPE,MAE,RMSE,BIC,AIC
0,0,0,0,24.163604407326154,2.432037985599796,2.470067600185957,112.11889565268737,109.61943279757725
1,0,0,1,22.177195189939432,2.238678951745059,2.3112316253766685,80.31346188982147,76.70218915494007
2,0,0,2,20.497095411392337,2.0708646034248486,2.172276390543261,55.91733616483331,51.29844446
3,0,0,3,526.0114901,36.323444108236274,77.23547397529843,117.47407453412211,111.9637854149569
4,0,0,4,17.541067254114807,1.7817330012523709,1.9273004582799413,38.10681578044931,31.83689337668168
5,0,0,5,16.85798270602394,1.7043369387647345,1.8362601005698576,36.92390746041864,30.047050507819353
6,0,0,6,12021737.361253258,1113878.4151082214,1938964.0920194357,209.13651686916646,201.83524098519445
7,0,0,7,13.414515708651384,1.3684885914154103,1.5454228297787802,30.080378378598787,22.58310328362891
8,0,0,8,11706.483980168065,1229.0123676084188,1536.6052281222612,233.09361091428565,225.7080101063429
9,0,0,9,12.887576632419325,1.3128841586179316,1.492035760663142,128.6302693073787,121.82862453080335
10,0,1,0,5.405850556861745,0.5171535919992775,0.6021624460833351,6.962205908360022,5.75844833
11,0,1,1,4.780742458283093,0.4581118396463075,0.542149178,3.3345308481470797,1.0250849963618216
12,0,1,2,4.4796553290631875,0.42752550959628055,0.5116700154276683,4.756458402036681,1.4502849305375556
13,0,1,3,136406.18380278966,9775.964357023335,10126.673767077129,81.36704675989807,77.18709849071966
14,0,1,4,3.664939577,0.3448633327235796,0.43475965407432754,10.25478463893862,5.3427439585105585
15,0,1,5,15.096526826071502,1.4274637644017516,1.5094051971753328,139.72053656626207,134.24457965328304
16,0,1,6,3.4689055035087377,0.3389791207473919,0.43769257049257426,124.80996987035594,118.97875590760157
17,0,1,7,5.848333023275561,0.5486421021030794,0.6370752445117724,16.426662139925618,10.518181493571483
18,0,1,8,635749889.9553819,66752084.17940376,72201133.97574054,190.6133632318484,185.04838114192313
19,0,1,9,63156513.87433034,6741002.072265488,6899671.854580104,225.10945229056853,220.72915930060867
20,0,2,0,7.810425724835606,0.7694386046675492,0.9064465288630258,5.212879162,4.058156236321002
21,0,2,1,6.337722050345288,0.6190261519896362,0.7170249799345372,-1.041506032,-3.24562168
22,0,2,2,5.497697996358459,0.5391547692332314,0.6363423066994452,3.0685909880831144,-0.066370214
23,0,2,3,1719.7181935090255,128.4021772452683,141.20974918710957,57.648904709623444,53.719272165280984
24,0,2,4,9.202678755543138,0.8858881889721817,1.063060238805809,9.649816141745294,5.086518714262749
25,0,2,5,3403.9013942373276,323.82757608097836,374.1574380442629,101.9778731,96.97968973884139
26,0,2,6,4.746173488585482,0.4725690793506801,0.5953767618988615,108.92715669136744,103.75723612580757
27,0,2,7,30.381875999246006,3.1722658909508565,3.519044811,187.13357976001083,182.18692901341055
28,0,2,8,670.6263423017392,72.04077479225657,80.84508771462677,173.26272923978087,169.32046554881703
29,0,2,9,237175.82465694513,25766.081206847062,30393.037067040375,#NAME?,155.05612104423952
30,1,0,0,3.3544064008696237,0.3302555038072706,0.44419055461228335,-3.997202232,-7.746396515
31,1,0,1,3.5890300041477006,0.34835659439878947,0.4678968765878545,-2.063457818,-6.878488131
32,1,0,2,4.489251442909447,0.42693458674683626,0.5204118181253479,3.3819682104483944,-2.391646419
33,1,0,3,6.1704479141244795,0.5891758943573102,0.7208090116118384,7.153096393869854,0.5407494508716034
34,1,0,4,6.352675798723131,0.6055232274123178,0.7535655362081752,8.611545257,1.296635786335342
35,1,0,5,5.651605046346472,0.5473103575468201,0.709941943,12.813835776147519,4.954570687462625
36,1,0,6,15.576628317348433,1.4819990694054586,1.9611931331244112,13.781002358803153,5.5670669893345766
37,1,0,7,17.454453559199322,1.6963003331516167,2.185032934866976,16.772375733811838,8.442070073
38,1,0,8,69319971033.31473,7444771060.965724,7889678874.094045,128.82472831725482,120.70056742851789
39,1,0,9,93.92399331973063,9.701363711537681,11.802952669429606,143.00762248664563,135.58764636674522
40,1,1,0,4.381448796295238,0.42206194019402526,0.5038374854846661,0.764795928,-1.642719229
41,1,1,1,5.9859837052695495,0.5819725756521013,0.6972556522319054,-0.115015278,-3.579184056
42,1,1,2,4.723106784900459,0.4560405352309574,0.5876236391022449,3.530455966,-0.877775329
43,1,1,3,7.566281943,0.7248935860309269,0.9010346089851051,6.4225299365243185,1.1975946000513003
44,1,1,4,7.238310742195952,0.6937677425132928,0.8388665236774594,11.155509323060281,5.261060507
45,1,1,5,3884904087.778309,367019829.92473733,374652303.54681516,147.71758477085604,141.32896837238044
46,1,1,6,22.586289868315255,2.18087926,2.907864550385411,15.769741963989054,9.105497435126932
47,1,1,7,15.827191212882889,1.5120944514486423,1.9734013277653708,18.39745862847674,11.750417901328339
48,1,1,8,9867424246,1070731478.8624783,1284346567.8982959,102.28710601993208,96.10379258668175
49,1,1,9,12780016662.780691,1357630882.0554721,1362129793.0216417,189.28465527764234,184.46633298868653
50,1,2,0,6.763695605749618,0.65249316,0.7610362032257871,2.5669591388215602,0.25751328703630294
51,1,2,1,6.453474611596215,0.6312032166601609,0.7498884109320507,2.2354780849194245,-1.070695387
52,1,2,2,5.791883468537517,0.5652004792453982,0.6516185030902945,5.874079849261342,1.6941315800829275
53,1,2,3,8.409680859544396,0.8195040413388085,1.001040341108467,8.000145116631463,3.0881044362034045
54,1,2,4,9.326450458,0.9084803478961823,1.1304898163013377,11.13703817879811,5.661081265819059
55,1,2,5,4.823461435176282,0.47935087786552905,0.59715845,13.93061188756522,8.099397924810864
56,1,2,6,7.762717614985952,0.7569259153761161,0.9321287285993201,5.992793471967647,0.084312826
57,1,2,7,126.74486263680842,13.665766175497131,16.28957396651873,160.3690740362401,154.80409194631483
58,1,2,8,8825740852914.145,939052086285.1967,1127289293673.3296,49.96173795793796,45.58144496797813
59,1,2,9,10.36986206671359,1.0054596915570293,1.2458534517998736,#NAME?,16.97653352
60,2,0,0,4.528784619583504,0.4386255179708833,0.5661205729227964,-1.31987604,-6.134906353
61,2,0,1,22.42287580542844,2.160453275258165,2.959082398044478,1.454361927036333,-4.564425964
62,2,0,2,51.75033854,4.9783367265769485,7.402675162445507,4.452907322318774,-2.475430233
63,2,0,3,34.77174064451073,3.338477006760763,4.770955593666472,6.8308115091636195,-0.883593258
64,2,0,4,13.644986804106187,1.3064694966538895,1.6957725202812663,11.504193252364527,3.1442967140076954
65,2,0,5,26.809537607404472,2.5939964083742484,3.553140876746608,15.213041835936608,6.371368611166103
66,2,0,6,16.193484144433235,1.5485929033087449,2.0112443998519938,16.482264517669012,7.355669662703924
67,2,0,7,20.790099659130124,1.9878303233543977,2.655623788527885,21.33613439,12.17279816309178
68,2,0,8,20.327060736580137,1.938485955410865,2.547781020645579,12.545833427419744,3.683112457888542
69,2,0,9,129.95799766550243,13.390993288478494,15.935827667488038,152.5579101956211,144.51960273239573
70,2,1,0,4.893344452261863,0.46980405867615394,0.5580888172337961,1.8541325227852827,-1.610036255
71,2,1,1,5.039804407788232,0.4791371144826016,0.5789413027043546,3.261166490418229,-1.357725213
72,2,1,2,5.109039065225334,0.4957975787656734,0.6032973510360048,7.0969154372208125,1.5866263180556028
73,2,1,3,7.582438775662236,0.7292849119829823,0.8984790679259396,9.131147989178263,2.861225585410639
74,2,1,4,5.548015964231113,0.535802577,0.667655567,12.509545713776719,5.632688761177436
75,2,1,5,19457183.574877482,1849532.449723899,2146458.1940593785,182.32287715329895,175.0216012693269
76,2,1,6,13.345253897159177,1.2831252469909686,1.617038887485694,12.07047825354761,4.573203158577722
77,2,1,7,15.881366665283377,1.5396460541664312,2.029408158057266,12.378407222832987,4.992806414890316
78,2,1,8,1.0366421020359333e+96,1.1514199829444357e+95,3.454259168772737e+95,303.81977691504073,297.01813213846543
79,2,1,9,22.772232161967313,2.188278226800592,2.9284540892800903,18.623599022894865,13.367247434943073
80,2,2,0,5.207305427967919,0.5063731442624109,0.5966224592203015,4.427022007771485,1.1208485362723593
81,2,2,1,5.858475118669865,0.5765280945280622,0.7115926973496569,4.204357433619739,-0.203873862
82,2,2,2,8.442105703539712e+28,7.157276260916631e+27,2.1112815687223946e+28,8.425156636574707,3.200221300101687
83,2,2,3,6.3784813416281585,0.6167649501456373,0.730587647,9.772787735452013,3.8783389189383413
84,2,2,4,7.502051371490742,0.7135428228417198,0.8498863703053532,13.036222138101994,6.6476057396264325
85,2,2,5,7.5903833743320845,0.7290267735077002,0.8780702664153314,16.73447759992649,10.07023307106437
86,2,2,6,7.739141111091625,0.7515098713269736,0.931575855,9.731444397,3.084403669503568
87,2,2,7,8.097051695960745,0.7850463509783333,0.966626327,12.636718358073153,6.453404924822822
88,2,2,8,29301941242.91217,3155579993.5066404,3444910333.0790033,210.26576260549024,205.4474403165344
89,2,2,9,12.661068051962085,1.2331720000468949,1.524605319856372,#NAME?,244.6398202504632
90,3,0,0,5.989037348275206,0.5780551656219337,0.7368393346059373,2.324552550186966,-3.449062079
91,3,0,1,28.296497555619844,2.723775329872271,3.82393127,3.452275101474928,-3.476062454
92,3,0,2,51.94689921187641,5.009849505498422,7.4379127907390625,5.627804684677704,-2.455255797
93,3,0,3,46.89705136609589,4.511388339109384,6.647962948201643,8.025611106094203,-0.790851485
94,3,0,4,6.0531805760460795,0.5887557500649436,0.7119662941506997,14.475489804740437,5.070606199089003
95,3,0,5,5.566704489398061,0.5220314720537729,0.6584080825151177,17.215753810763793,7.391672449907678
96,3,0,6,16.046116968955122,1.543155712474168,2.0013323624452513,19.58161240013239,9.542358059670793
97,3,0,7,17.391481856784928,1.6771122832591172,2.2079618242462278,22.123565555638194,12.12719876234501
98,3,0,8,19.319188165793523,1.881983386474743,2.4593541745671743,11.798082520247068,2.1968014699215948
99,3,0,9,15.616401352173815,1.5200042652435946,1.9594859346592213,16.17600230700505,7.519363500454586
100,3,1,0,5.760197995612198,0.5562044858107589,0.6777649287174276,4.460134301803738,0.051903006
101,3,1,1,6.325718097,0.6107876131274108,0.7711387103791145,5.8443908331898795,0.33410171402467126
102,3,1,2,2532.6858323596057,196.5957904523156,291.9755690582568,16.45487696020944,9.842530017211192
103,3,1,3,5.547528583502894,0.5400781546741121,0.6853619321918946,10.43470352876864,3.119794057706413
104,3,1,4,6.462840331645298,0.6231682812490286,0.7911599186419089,15.081693234504522,7.2224281458196256
105,3,1,5,22616.437930166394,2171.823915,3005.5248839104815,103.62092743175155,95.40699206228297
106,3,1,6,13.862641973782498,1.320542706,1.6986819874411534,12.761127985368988,4.430822324291337
107,3,1,7,29.660777545336877,2.8551412049433202,3.9769896742515605,13.165919076611909,5.041758188
108,3,1,8,101525132991307.16,11176951371208.627,18222763596755.492,88.21676736670022,80.79679124679981
109,3,1,9,21.393919601389214,2.0591586749774122,2.7414262169532666,20.475462491319448,14.78108160437167
110,3,2,0,5.057776374997861,0.49232014079949665,0.6005643046381952,6.451814734434365,2.271866465255949
111,3,2,1,6.441298440700139,0.6343382324634306,0.7576185789820438,8.351024347912126,3.1260890114391096
112,3,2,2,1386003892377.1213,116334194252.77303,303398941812.75305,2073.134981196735,2066.8650587929674
113,3,2,3,6.603224005958668,0.6271686896920821,0.7503705050063182,13.001112807985852,6.124255855386567
114,3,2,4,383693899954453.9,37655529287347.91,88848422649732.39,18.956121444676125,11.654845560704057
115,3,2,5,12.078896885424285,1.1700611574796436,1.5118023544866523,16.48149816747184,8.984223072501958
116,3,2,6,8.604357815871305,0.8359475315641094,1.0327677525370647,9.762514694105544,2.3769138861628747
117,3,2,7,13.153256776296848,1.2729984655780568,1.6003164303058082,14.479859317634714,7.678214541059347
118,3,2,8,5270.337174,564.1954943994587,665.0807559556735,166.86255955828406,161.60620797033226
119,3,2,9,12.185279668235122,1.1858493558445677,1.4549300123928397,#NAME?,18.55287387002433
120,4,0,0,16.580476844976424,1.5949780150101174,2.1330869395908305,4.993025632428422,-1.619321311
121,4,0,1,39.99769654139149,3.847607920330914,5.598252796668561,6.044749515939047,-1.669655251
122,4,0,2,35.67150843713378,3.4481827385728963,4.904754930012178,12.902773387811816,4.086310797147482
123,4,0,3,45.738078244956775,4.407841569516295,6.447087798342496,12.146289994753346,2.2277695802559703
124,4,0,4,40.412266761656056,3.9024908368499824,5.6069332671958705,14.08171859,3.6318479219756625
125,4,0,5,8.684064325008343,0.8322352537998212,1.0380017084399014,17.342959655125178,6.536470158183448
126,4,0,6,27.590058124541862,2.6393985087155154,3.692377318546712,9.752916397024507,-1.198997429
127,4,0,7,16.809464451870838,1.618367519314915,2.1288580090279488,15.677836213287133,4.848438853886188
128,4,0,8,16.57710377115881,1.6292475460782025,2.077409415871436,14.533388945734563,4.193547814614825
129,4,0,9,23.62554343384738,2.2894391454667873,3.001484527380533,20.987811342714146,11.712841192838644
130,4,1,0,5.647177545957716,0.5432679544307653,0.6614144451380572,7.1890225325716655,1.9640871960986463
131,4,1,1,6.110863992851465,0.5847717780733913,0.7102288993901459,9.539301897,3.269379493616738
132,4,1,2,4013.0097690182133,329.64673951006193,720.2980497,17.28443951509445,9.969530044032222
133,4,1,3,4.802524393908609,0.46591914538216644,0.5957502257425281,13.675888885343022,5.315992346986191
134,4,1,4,8.772086617448497,0.8504563645153166,1.0641859313676771,17.41912815789185,8.577454933121345
135,4,1,5,50.733688557078246,4.884127078,7.235726038972395,16.298532039551752,7.171937184586665
136,4,1,6,10.269347575812667,0.977607386,1.2427132479032081,11.909399342738041,2.7460631155526243
137,4,1,7,28.291760561544624,2.723164054643683,3.828541317185967,12.539692437826904,3.676971468
138,4,1,8,166414600168492.38,18148317461451.914,23703214148232.844,109.11757941288758,101.07927194966217
139,4,1,9,21.09393659047555,2.024222851951202,2.728393643378259,22.630285950367174,16.497875764423416
140,4,2,0,6.577850336341553,0.6361827081997719,0.7692237910316029,10.153804078023779,5.241763398
141,4,2,1,7.224834085720795,0.7062259742648298,0.8728393297054954,11.537087684875711,5.642638868
142,4,2,2,2.885661945503425e+22,3.0211279505353437e+21,9.045699519949906e+21,192.987142,186.11028506222073
143,4,2,3,6.8369874189105575,0.6665971077186643,0.8386035855887238,15.345191905642087,7.485926816957194
144,4,2,4,11.015927177318428,0.9742267,1.2133899756853188,18.643855758496926,10.429920389028348
145,4,2,5,16.152973110498912,1.4694508240822144,1.9079185354512938,15.040868333922788,6.710562672845137
146,4,2,6,132600760.58702424,14641470.518062737,26463328.036259823,13.083908908712598,4.959748019975661
147,4,2,7,8.547451642409017,0.8298463915773617,1.0016777383348163,18.098821883461387,10.678845763560986
148,4,2,8,22.754506019676924,2.193266095381168,2.931219420476188,18.95504561999268,13.260664733044901
149,4,2,9,35.44030757039816,3.4189471845900696,4.864767283,#NAME?,138.58799174812185
150,5,0,0,22.987520551811702,2.186774755500527,3.0207299361064237,7.683414213496784,0.36850474243455655
151,5,0,1,34.32869747834799,3.2690197539451376,4.684295445187011,7.559121506,-0.800775033
152,5,0,2,25.422811905709374,2.2259498223534897,3.232676718182551,13.825614541571369,4.420730935919933
153,5,0,3,34.75956920164694,3.258728956177701,4.718123345660668,12.135387061825275,1.6855163888792373
154,5,0,4,35.017435445968175,3.3606670111166728,4.815842240680161,18.20526751606691,6.710409775826269
155,5,0,5,27.381021186612895,2.6414387052419133,3.656604902,20.560929049593263,8.772031417
156,5,0,6,41.654400225348994,4.009195720748433,5.784704236109772,10.492993223957356,-1.371580087
157,5,0,7,31.30290316,3.016955319675904,4.2532619883700935,17.184025053555054,5.521597128046343
158,5,0,8,45.27452628,4.394507778014254,6.268807792189919,14.247147594390345,3.168746382
159,5,0,9,51.62375474058386,5.014677077533358,7.240587542077323,19.18067071060562,9.287369217
160,5,1,0,7.882166531990106,0.7414047523109513,0.9190159819572026,10.281610843509739,4.387162026996068
161,5,1,1,8.281239294322155,0.773210965,0.9745591543814331,12.180156140556372,5.303299187957089
162,5,1,2,75.09789846826916,6.136372137287576,10.674800547154224,4425.928749209942,4418.069484121258
163,5,1,3,13.388161789414616,1.2779654472484565,1.6500522004768605,16.920884225160503,8.079211000389998
164,5,1,4,20.32796711534862,1.9600495273382108,2.681285490246825,146.91287328885136,137.08879192799526
165,5,1,5,41.63990958384501,4.005138650897531,5.838235158029334,13.669741319657813,3.630486979196218
166,5,1,6,21.235338337892774,2.0423094300344453,2.742545448651492,14.810216797373965,4.813850004080784
167,5,1,7,28.970540881949614,2.7788186287346295,3.9341368940957118,14.23696034288577,4.635679292560295
168,5,1,8,27.843907148067473,2.687131370236103,3.7510726089790687,14.496056762630493,5.839417956080028
169,5,1,9,51.38498951547696,4.965433212122008,7.272717603042734,20.38865884,13.818219359253058
170,5,2,0,1760.4317929647864,145.22379573473015,337.27508675923167,3.342316655566988,-2.133640257
171,5,2,1,829.0513796275363,66.08278019470507,110.32438663209669,6677.114253371072,6670.725636972597
172,5,2,2,125.86570926143808,9.553720828021628,12.649179183109414,19.654570344089837,12.353294460117766
173,5,2,3,22.550172684391587,1.9171938150082002,3.600629501497681,19.039305181260847,10.825369811792271
174,5,2,4,33.334134048745284,2.8186490655097405,5.235455127972289,135341.60106538885,135332.47447053393
175,5,2,5,29.267589213346024,2.4839285989039035,3.272937867260427,19.295587164421217,10.132250937235801
176,5,2,6,79.68196990250595,8.550374630467616,10.193138312414604,14.483685750601513,5.6209647810703105
177,5,2,7,18.88437218378519,1.8248575994786413,2.4005428297992664,18.872318676290977,10.834011213065542
178,5,2,8,16.15695167197416,1.5590492423312123,2.0252023418464664,20.936585787963253,14.804175602019495
179,5,2,9,266177.6349405182,29321.07539,37818.931757535654,#NAME?,16.60029073316884
180,6,0,0,31.70415800309985,2.8487153559875256,4.359995785743107,-11.72884016,-19.58810525
181,6,0,1,36.36537494524465,3.2946007863324716,5.0378883849026534,-0.9872151,-9.828888325
182,6,0,2,44.46272642046415,4.111744448893246,6.162400961662287,7.054484570171496,-2.769596791
183,6,0,3,11087.563513073728,1156.8790006433242,2749.9190585969836,48.673941478888125,37.86745198194639
184,6,0,4,37.271027236837725,3.5457857166523907,5.039844186299618,15.113753168966323,3.3248555359389798
185,6,0,5,30.74538223368308,2.914155079646678,4.064048941948139,15.194009690362403,2.422703921249448
186,6,0,6,42.40900615139299,4.0932305727591904,5.858188855065945,16.096904368139057,3.3196715711879357
187,6,0,7,33.26452713,3.187577654023017,4.554325646192845,1843.5264834608588,1831.031024969243
188,6,0,8,72.34501769065312,6.501076423303763,9.460835573894169,19.81261422344662,7.9956529307383475
189,6,0,9,29.393599464081785,2.8701335375054873,3.861257013480034,25.01437632970741,14.502743493181844
190,6,1,0,9.548879616927234,0.8745075933534936,1.0816113512410968,-5.758462745,-12.14707914
191,6,1,1,11.840671140460792,1.101874923520146,1.364367389851386,3.055050649,-4.246225235
192,6,1,2,26.589095950535942,2.521034881494114,3.4507929480800024,6.752477523,-1.461457846
193,6,1,3,9.767575945560527,0.8926094206005523,1.111673272113261,13.449554305353184,4.3229594503880975
194,6,1,4,23.521803554107244,2.2192182319275955,2.991557055827421,571160217.3410208,571160207.3017665
195,6,1,5,38.892990358930476,3.703655737,5.335995129044542,11.991254777833909,1.0393409518758077
196,6,1,6,28.808598141666874,2.7693445049683794,3.9099900729495944,18.520854543277906,7.691457183876959
197,6,1,7,34.33526228368122,3.311198108191674,4.732468253391554,16.763114154065896,6.423273023
198,6,1,8,39.58303784402609,3.8106039200380986,5.505911983,16.91882207186391,7.643851922
199,6,1,9,37.32268198169239,3.5982342885323213,5.142305704494888,17.31841808761658,10.309949303680852
200,6,2,0,7.794827146094027,0.7294290799623641,0.8603888374519666,7.091060314631884,1.259846351877529
201,6,2,1,8.670725450906005,0.828423597,1.001132412368576,17.769235845056038,11.104991316193917
202,6,2,2,11.885425023077952,1.1275207460976355,1.3877952378834768,10.889878744209245,3.3926036492393576
203,6,2,3,19.187291698773844,1.855499218,2.3952226749659706,19.847009420781177,11.516703759703526
204,6,2,4,25.533972512493868,2.441824890498362,3.247610500686155,23296565.079687573,23296555.91635134
205,6,2,5,12.85564598665766,1.2264858315435607,1.5288259350033049,12.99322768704783,2.996860893754649
206,6,2,6,56.28638987920457,5.899424209344466,6.664819432895966,238353911.61100736,238353902.0097263
207,6,2,7,32.10137870775223,3.0968705926125137,4.306440894828033,20.469591320533603,11.812952513983134
208,6,2,8,23.057782535578045,2.222069904746287,3.0137563212585334,22.513843335298297,15.943403850358555
209,6,2,9,534054.8577329564,58833.93462301735,75543.33844,#NAME?,1085823825.084866
210,7,0,0,38.13686031839735,3.5763150797974865,5.117080993687468,-6.402789182,-14.61672455
211,7,0,1,59.032396489641805,5.5911012703835405,8.331868919,3.617923155166774,-5.5086717
212,7,0,2,67.30948759335368,6.3993362200520405,9.590007080879058,7.201998286881201,-2.837256054
213,7,0,3,6.746622795880505,0.6427221415332999,0.7975095584764392,18.278408639907717,7.326494813949617
214,7,0,4,48.300625089739604,4.632471517113244,6.852978406283034,17.39252317398251,5.527949863
215,7,0,5,41.26441806,3.9802872385477515,5.729320314267344,20.97294453034885,8.195711733
216,7,0,6,49.78565738762044,4.812975128950878,6.991934549730333,22.203545174074737,8.513652891627109
217,7,0,7,36.73148662526343,3.5138791735063277,5.002326743318007,16.93173348,3.6032444220627573
218,7,0,8,80.91781097152219,7.4152545496907125,11.080572978376503,18.585188748410605,6.029667374908068
219,7,0,9,61.21474237808925,5.939915085693333,8.765139405467723,21.00280173195489,9.872837552104292
220,7,1,0,8.238029868822768,0.7899381370627317,0.9735233329132479,-0.002036272,-6.666280801
221,7,1,1,5.8770496048455225,0.565662595,0.6793158640013967,6.395279641877446,-1.101995453
222,7,1,2,5.9145625767570795,0.575377993,0.6817800964870779,6.046317888947914,-2.283987772
223,7,1,3,8.78746055,0.8615157259007116,1.0505087353513223,10.160137436158612,0.9968012089731939
224,7,1,4,34.50937892891257,3.339153428626342,4.672258757701837,563208759,563208749.0422262
225,7,1,5,23.280784723343167,2.249328797526192,3.0791932621198432,13.758745894605592,2.929348535204646
226,7,1,6,18.371436107753652,1.770106448,2.3510891112243835,14.420943124207833,2.758515198699117
227,7,1,7,39.86729630939236,3.8393583664408233,5.569759398922689,15.527825346908312,4.449424134994308
228,7,1,8,36.104135143141114,3.4782563730164116,4.979147297245136,19.890071028239156,9.996769535038627
229,7,1,9,27.09634674343087,2.601492761394075,3.625927387,25.979138947365232,18.532640864433525
230,7,2,0,8.704299684290465,0.8503301295060256,1.046471954573325,2.3616204350907486,-3.546860211
231,7,2,1,10.564611532294155,1.0397921548833984,1.266171051762689,379.74609490557236,373.0990542
232,7,2,2,9.996512149975704,0.9737170174599239,1.2165882765270237,6.0471162303167985,-1.338484578
233,7,2,3,9.626706789407368,0.948112442,1.1615671551151003,12.316739574063632,4.192578685326694
234,7,2,4,1091.0843743557891,104.2318969889784,127.19674714555174,334473178.73576903,334473169.9
235,7,2,5,9.578400381581117,0.9366068018950374,1.1821591123533095,11.239224284226953,1.6379432339014801
236,7,2,6,12.267929669652009,1.1935541376047623,1.4934399650466266,15.526827657434463,5.186986526314724
237,7,2,7,8.312869639285655,0.8098891534859811,0.9769791495648914,22.65298676255098,13.37801661267548
238,7,2,8,24.659366624654503,2.381609007271518,3.2310114412712445,22.28355947201741,15.27509068808168
239,7,2,9,146398.80743771908,16125.537302791385,20869.4877,#NAME?,103275276.80617061
240,8,0,0,50.27835493640207,4.867022356533672,7.171947311917281,-3.329635095,-11.65994076
241,8,0,1,59.27716484629936,5.7308194201466165,8.541746969,3.950308291,-5.213027936
242,8,0,2,58.03124330444497,5.603490424189731,8.382125662,3.267227366344188,-6.729139427
243,8,0,3,42.702294053687645,4.1221285907177165,6.013020930693436,8.292509353746178,-2.536888006
244,8,0,4,6.307569469213431e+16,7005690284690825.0,2.0832769906186492e+16,70.01006123280084,58.34763330729213
245,8,0,5,45.433833148731644,4.392832947,6.363916893927143,14.297433038836237,1.8019745472197584
246,8,0,6,47.53634992000127,4.584693978921297,6.7176815396672565,16.334298333742503,3.005809276018261
247,8,0,7,62.08246179,5.995555200629867,8.976580729,19.799000814651457,5.637481191
248,8,0,8,63.85078735819717,6.189078436186589,9.147925045294944,18.135887892289038,4.841806437992231
249,8,0,9,54.927152061332926,5.325838868181827,7.7877037500981645,26.137268103311122,14.388972580135487
250,8,1,0,36.02476813607687,3.4773726496370516,4.950575882230746,1.290908312845967,-5.356132414
251,8,1,1,50.348028256376814,4.869331415758737,7.123121175710805,4.601815138923928,-2.783785669
252,8,1,2,60.73917349896245,5.870542211096907,8.752068172087245,3.359672666841957,-4.764488222
253,8,1,3,56.52466208870825,5.458755498,8.111801094159315,9.126219963,0.2634989934768569
254,8,1,4,49.23696088689892,4.7802822667902625,6.906101293128225,10.051346697475747,0.45006564715027436
255,8,1,5,58.885023860220485,5.693508064791304,8.498228155652367,9.213072846,-1.126768285
256,8,1,6,141.29255603865394,14.956258918352475,19.329415543347853,175768922.6401647,175768911.5617635
257,8,1,7,45.990071975179255,4.455413943512028,6.448839325036495,2935.2701798657445,2923.4532185730363
258,8,1,8,39.70239884,3.8326489158137997,5.521774703709668,13.994049675815788,3.4824168392902224
259,8,1,9,34.868839845460215,3.3563608564947756,4.776055700878337,22.971506590479912,15.086979208552219
260,8,2,0,10.500399635090188,1.0225325794495153,1.2247344774311968,8.644139381214618,3.0791572912893175
261,8,2,1,28.037571399884236,2.710199544545833,3.7234045886181684,9.584930288,3.401616854382028
262,8,2,2,21.936370660479643,2.117884600563982,2.8307147660574588,11.017792736921447,4.216147960346082
263,8,2,3,25.738031362067233,2.4841779237787143,3.4182003570407735,11.888801949811592,4.468825829911192
264,8,2,4,3.4604199373713277e+192,3.7785454520199446e+191,inf,218954987.5,218954979.4185335
265,8,2,5,129017.00483653617,14179.039544977019,22031.67187,4410576.042776262,4410567.386137455
266,8,2,6,30.985197123805033,3.0647624890895857,4.073220073944698,553184373.2,553184363.8852059
267,8,2,7,28.482675356724407,2.7580158787048243,3.7644738414214025,19.92633256271905,10.033031069518518
268,8,2,8,16.611922402587687,1.6239105886623242,2.0454911850559565,19.316158444034887,11.869660361103179
269,8,2,9,11.01832682396132,1.078806446797572,1.3244446735181379,#NAME?,17.576396016308486
270,9,0,0,60.39860326,5.837231574555532,8.757854918,1.885969103328018,-6.238191785
271,9,0,1,65.91162817595622,6.370437994,9.581652351,5.573336238178642,-3.289384731
272,9,0,2,70.04902794807577,6.778087548214967,10.223548148232394,11.271120099645305,1.669839049319836
273,9,0,3,69.32478781386808,6.702677656315819,10.133405670137993,7.352794036708223,-2.987047094
274,9,0,4,75041.99333,8321.583040703543,19568.271245256714,462.3776884632295,451.2992872513155
275,9,0,5,51.93143983775151,5.018134587875934,7.405744244788126,15.878685343540184,4.061724050831913
276,9,0,6,58.52541773560464,5.663480046979613,8.419819317732104,18.945347531965545,6.389826158463007
277,9,0,7,65.14375846785202,6.300474851035105,9.464009233354314,20.644879276719205,7.350797822422402
278,9,0,8,68.45202148289783,6.635650951754688,9.913632975289982,20.119708109628675,6.087066574537607
279,9,0,9,68.52205057454354,6.642086189443665,9.921138918,26.370096307363315,14.003469440862649
280,9,1,0,42.572753965511055,4.118829816705472,5.9163116533960265,7.5072338997792825,1.3239204665289495
281,9,1,1,61.39944830731382,5.944533816403932,8.829190203850331,14.554053808726668,7.752409032
282,9,1,2,68.64983296112925,6.643031143717282,9.970813897,11.417902213995239,3.9979260940948387
283,9,1,3,67.11987126,6.500366688842713,9.752833936037757,10.35296335177744,2.314655888552008
284,9,1,4,67.75212982,6.565978910062391,9.842759730895525,13.264712957438274,4.608074151
285,9,1,5,42492.13284621729,4666.466583099477,7134.491036127045,7742272.8176082615,7742263.542638111
286,9,1,6,64.84104117325569,6.270909403744267,9.425530414559812,19.066213900325863,9.172912407125327
287,9,1,7,57.578761284650184,5.5808827981893545,8.238345879,20.080197005248163,9.568564168722599
288,9,1,8,62.13025362135703,5.996912391,9.028599730736557,21.598304857080592,10.468340677229993
289,9,1,9,16.819565944708348,1.6268737719210353,2.144496415298341,22.516643842587595,14.194087161663921
290,9,2,0,18.427295016888554,1.781081824133576,2.289368119407325,10.852930080745661,6.472637090785831
291,9,2,1,16.641025167509895,1.6155214161836728,2.0664064324338627,11.212648958821333,6.3943266698655234
292,9,2,2,13.518176141661002,1.307095201,1.6595839421709315,11.826339406445651,6.569987818493859
293,9,2,3,15.662968272209906,1.5169588582067282,1.9494964006004936,9.821630091553114,4.127249204605336
294,9,2,4,6.656186962692135e+24,7.268173142464174e+23,2.1778267363305895e+24,36134549.20350668,36134543.071096495
295,9,2,5,106595.04386806933,11719.781523111278,18406.92954,17.80654140607195,11.236101921132207
296,9,2,6,24.313797263444837,2.375688624079058,3.0267368267539756,24.24647580380175,17.238007019866025
297,9,2,7,13.140415034678213,1.2636851702405938,1.6135902214230096,1424731014.6386948,1424731007.1921966
298,9,2,8,15.524883130348451,1.534502022006389,1.9124112110918214,3445.424032174079,3437.5395047921506
299,9,2,9,427.52190591397357,47.30096522418302,47.632241172766456,#NAME?,934244046.9737036
